pic.0001.jpg	1	31
pic.0002.jpg	2	32
pic.0003.jpg	3	33
pic.0004.jpg	4	34
pic.0005.jpg	5	35
pic.0006.jpg	6	36
pic.0007.jpg	7	37
pic.0008.jpg	8	38
pic.0009.jpg	9	39
pic.0010.jpg	10	40
pic.0011.jpg	11	41
pic.0012.jpg	12	42
pic.0013.jpg	13	43
pic.0014.jpg	14	44
pic.0015.jpg	15	45
pic.0016.jpg	16	46
pic.0017.jpg	17	47
pic.0018.jpg	18	48
pic.0019.jpg	19	49
pic.0020.jpg	20	50
pic.0021.jpg	21	51
pic.0022.jpg	22	52
pic.0023.jpg	23	53
pic.0024.jpg	24	54
pic.0025.jpg	25	55
pic.0026.jpg	26	56
pic.0027.jpg	27	57
pic.0028.jpg	28	58
pic.0029.jpg	29	59
pic.0030.jpg	30	60