sources/olympus/pic.0380.jpg,1.0000,1.0000,0.0000,0.0000
sources/olympus/pic.0394.jpg,1.0000,1.0000,0.0000,0.0000
sources/olympus/pic.1061.jpg,1.0000,1.0000,0.0000,0.0000
sources/olympus/pic.0419.jpg,1.0000,1.0000,0.0000,0.0000
sources/olympus/pic.1075.jpg,1.0000,1.0000,0.0000,0.0000
sources/olympus/pic.0343.jpg,1.0000,1.0000,0.0000,0.0000
sources/olympus/pic.0425.jpg,1.0000,1.0000,0.0000,0.0000
sources/olympus/pic.0431.jpg,1.0000,1.0000,0.0000,0.0000
sources/olympus/pic.1049.jpg,1.0000,1.0000,0.0000,0.0000
sources/olympus/pic.0357.jpg,1.0000,1.0000,0.0000,0.0000
sources/olympus/pic.0800.jpg,1.0000,1.0000,0.0000,0.0000
sources/olympus/pic.0814.jpg,1.0000,1.0000,0.0000,0.0000
sources/olympus/pic.0182.jpg,1.0000,1.0000,0.0000,0.0000
sources/olympus/pic.0196.jpg,1.0000,1.0000,0.0000,0.0000
sources/olympus/pic.0828.jpg,1.0000,1.0000,0.0000,0.0000
sources/olympus/pic.0169.jpg,1.0000,1.0000,0.0000,0.0000
sources/olympus/pic.0627.jpg,1.0000,1.0000,0.0000,0.0000
sources/olympus/pic.0141.jpg,1.0000,1.0000,0.0000,0.0000
sources/olympus/pic.0155.jpg,1.0000,1.0000,0.0000,0.0000
sources/olympus/pic.0633.jpg,1.0000,1.0000,0.0000,0.0000
sources/olympus/pic.0974.jpg,1.0000,1.0000,0.0000,0.0000
sources/olympus/pic.0960.jpg,1.0000,1.0000,0.0000,0.0000
sources/olympus/pic.0948.jpg,1.0000,1.0000,0.0000,0.0000
sources/olympus/pic.0790.jpg,1.0000,1.0000,0.0000,0.0000
sources/olympus/pic.0784.jpg,1.0000,1.0000,0.0000,0.0000
sources/olympus/pic.0009.jpg,1.0000,1.0000,0.0000,0.0000
sources/olympus/pic.0753.jpg,1.0000,1.0000,0.0000,0.0000
sources/olympus/pic.0035.jpg,1.0000,1.0000,0.0000,0.0000
sources/olympus/pic.0021.jpg,1.0000,1.0000,0.0000,0.0000
sources/olympus/pic.0747.jpg,1.0000,1.0000,0.0000,0.0000
sources/olympus/pic.0592.jpg,1.0000,1.0000,0.0000,0.0000
sources/olympus/pic.0586.jpg,1.0000,1.0000,0.0000,0.0000
sources/olympus/pic.0579.jpg,1.0000,1.0000,0.0000,0.0000
sources/olympus/pic.1101.jpg,1.0000,1.0000,0.0000,0.0000
sources/olympus/pic.0237.jpg,1.0000,1.0000,0.0000,0.0000
sources/olympus/pic.0551.jpg,1.0000,1.0000,0.0000,0.0000
sources/olympus/pic.0545.jpg,1.0000,1.0000,0.0000,0.0000
sources/olympus/pic.0223.jpg,1.0000,1.0000,0.0000,0.0000
sources/olympus/pic.0544.jpg,1.0000,1.0000,0.0000,0.0000
sources/olympus/pic.0222.jpg,0.3583,0.1691,0.0000,0.0002
sources/olympus/pic.0236.jpg,1.0000,1.0000,0.0000,0.0000
sources/olympus/pic.0550.jpg,1.0000,1.0000,0.0000,0.0000
sources/olympus/pic.0578.jpg,1.0000,1.0000,0.0000,0.0000
sources/olympus/pic.1100.jpg,1.0000,1.0000,0.0000,0.0000
sources/olympus/pic.0587.jpg,1.0000,1.0000,0.0000,0.0000
sources/olympus/pic.0593.jpg,1.0000,1.0000,0.0000,0.0000
sources/olympus/pic.0020.jpg,1.0000,1.0000,0.0000,0.0000
sources/olympus/pic.0746.jpg,1.0000,1.0000,0.0000,0.0000
sources/olympus/pic.0752.jpg,1.0000,1.0000,0.0000,0.0000
sources/olympus/pic.0034.jpg,1.0000,1.0000,0.0000,0.0000
sources/olympus/pic.0008.jpg,1.0000,1.0000,0.0000,0.0000
sources/olympus/pic.0785.jpg,1.0000,1.0000,0.0000,0.0000
sources/olympus/pic.0791.jpg,1.0000,1.0000,0.0000,0.0000
sources/olympus/pic.0949.jpg,1.0000,1.0000,0.0000,0.0000
sources/olympus/pic.0961.jpg,1.0000,1.0000,0.0000,0.0000
sources/olympus/pic.0975.jpg,1.0000,1.0000,0.0000,0.0000
sources/olympus/pic.0154.jpg,1.0000,1.0000,0.0000,0.0000
sources/olympus/pic.0632.jpg,1.0000,1.0000,0.0000,0.0000
sources/olympus/pic.0626.jpg,1.0000,1.0000,0.0000,0.0000
sources/olympus/pic.0140.jpg,1.0000,1.0000,0.0000,0.0000
sources/olympus/pic.0168.jpg,1.0000,1.0000,0.0000,0.0000
sources/olympus/pic.0197.jpg,1.0000,1.0000,0.0000,0.0000
sources/olympus/pic.0829.jpg,1.0000,1.0000,0.0000,0.0000
sources/olympus/pic.0183.jpg,1.0000,1.0000,0.0000,0.0000
sources/olympus/pic.0815.jpg,1.0000,1.0000,0.0000,0.0000
sources/olympus/pic.0801.jpg,1.0000,1.0000,0.0000,0.0000
sources/olympus/pic.0430.jpg,1.0000,1.0000,0.0000,0.0000
sources/olympus/pic.0356.jpg,1.0000,1.0000,0.0000,0.0000
sources/olympus/pic.1048.jpg,1.0000,1.0000,0.0000,0.0000
sources/olympus/pic.0342.jpg,1.0000,1.0000,0.0000,0.0000
sources/olympus/pic.0424.jpg,1.0000,1.0000,0.0000,0.0000
sources/olympus/pic.1074.jpg,1.0000,1.0000,0.0000,0.0000
sources/olympus/pic.1060.jpg,1.0000,1.0000,0.0000,0.0000
sources/olympus/pic.0418.jpg,1.0000,1.0000,0.0000,0.0000
sources/olympus/pic.0395.jpg,1.0000,1.0000,0.0000,0.0000
sources/olympus/pic.0381.jpg,1.0000,1.0000,0.0000,0.0000
sources/olympus/pic.0397.jpg,1.0000,1.0000,0.0000,0.0000
sources/olympus/pic.1089.jpg,1.0000,1.0000,0.0000,0.0000
sources/olympus/pic.0383.jpg,1.0000,1.0000,0.0000,0.0000
sources/olympus/pic.1076.jpg,1.0000,1.0000,0.0000,0.0000
sources/olympus/pic.0368.jpg,1.0000,1.0000,0.0000,0.0000
sources/olympus/pic.1062.jpg,1.0000,1.0000,0.0000,0.0000
sources/olympus/pic.0354.jpg,1.0000,1.0000,0.0000,0.0000
sources/olympus/pic.0432.jpg,1.0000,1.0000,0.0000,0.0000
sources/olympus/pic.0426.jpg,1.0000,1.0000,0.0000,0.0000
sources/olympus/pic.0340.jpg,1.0000,1.0000,0.0000,0.0000
sources/olympus/pic.0817.jpg,1.0000,1.0000,0.0000,0.0000
sources/olympus/pic.0803.jpg,1.0000,1.0000,0.0000,0.0000
sources/olympus/pic.0195.jpg,1.0000,1.0000,0.0000,0.0000
sources/olympus/pic.0181.jpg,1.0000,1.0000,0.0000,0.0000
sources/olympus/pic.0618.jpg,1.0000,1.0000,0.0000,0.0000
sources/olympus/pic.0630.jpg,1.0000,1.0000,0.0000,0.0000
sources/olympus/pic.0156.jpg,1.0000,1.0000,0.0000,0.0000
sources/olympus/pic.0142.jpg,1.0000,1.0000,0.0000,0.0000
sources/olympus/pic.0624.jpg,1.0000,1.0000,0.0000,0.0000
sources/olympus/pic.0963.jpg,1.0000,1.0000,0.0000,0.0000
sources/olympus/pic.0977.jpg,1.0000,1.0000,0.0000,0.0000
sources/olympus/pic.0787.jpg,1.0000,1.0000,0.0000,0.0000
sources/olympus/pic.0793.jpg,1.0000,1.0000,0.0000,0.0000
sources/olympus/pic.0778.jpg,1.0000,1.0000,0.0000,0.0000
sources/olympus/pic.0744.jpg,1.0000,1.0000,0.0000,0.0000
sources/olympus/pic.0022.jpg,1.0000,1.0000,0.0000,0.0000
sources/olympus/pic.0036.jpg,1.0000,1.0000,0.0000,0.0000
sources/olympus/pic.0750.jpg,1.0000,1.0000,0.0000,0.0000
sources/olympus/pic.0988.jpg,1.0000,1.0000,0.0000,0.0000
sources/olympus/pic.0585.jpg,1.0000,1.0000,0.0000,0.0000
sources/olympus/pic.0591.jpg,1.0000,1.0000,0.0000,0.0000
sources/olympus/pic.1102.jpg,1.0000,1.0000,0.0000,0.0000
sources/olympus/pic.0208.jpg,1.0000,1.0000,0.0000,0.0000
sources/olympus/pic.0220.jpg,1.0000,1.0000,0.0000,0.0000
sources/olympus/pic.0546.jpg,1.0000,1.0000,0.0000,0.0000
sources/olympus/pic.0552.jpg,0.2047,0.2001,0.0250,0.2263
sources/olympus/pic.0234.jpg,1.0000,1.0000,0.0000,0.0000
sources/olympus/pic.0553.jpg,1.0000,1.0000,0.0000,0.0000
sources/olympus/pic.0235.jpg,1.0000,1.0000,0.0000,0.0000
sources/olympus/pic.0221.jpg,1.0000,1.0000,0.0000,0.0000
sources/olympus/pic.0547.jpg,1.0000,1.0000,0.0000,0.0000
sources/olympus/pic.0209.jpg,1.0000,1.0000,0.0000,0.0000
sources/olympus/pic.1103.jpg,1.0000,1.0000,0.0000,0.0000
sources/olympus/pic.0590.jpg,1.0000,1.0000,0.0000,0.0000
sources/olympus/pic.0584.jpg,1.0000,1.0000,0.0000,0.0000
sources/olympus/pic.0037.jpg,1.0000,1.0000,0.0000,0.0000
sources/olympus/pic.0989.jpg,1.0000,1.0000,0.0000,0.0000
sources/olympus/pic.0751.jpg,1.0000,1.0000,0.0000,0.0000
sources/olympus/pic.0745.jpg,1.0000,1.0000,0.0000,0.0000
sources/olympus/pic.0023.jpg,1.0000,1.0000,0.0000,0.0000
sources/olympus/pic.0779.jpg,1.0000,1.0000,0.0000,0.0000
sources/olympus/pic.0792.jpg,1.0000,1.0000,0.0000,0.0000
sources/olympus/pic.0786.jpg,1.0000,1.0000,0.0000,0.0000
sources/olympus/pic.0976.jpg,1.0000,1.0000,0.0000,0.0000
sources/olympus/pic.0962.jpg,1.0000,1.0000,0.0000,0.0000
sources/olympus/pic.0143.jpg,1.0000,1.0000,0.0000,0.0000
sources/olympus/pic.0625.jpg,1.0000,1.0000,0.0000,0.0000
sources/olympus/pic.0631.jpg,0.0000,0.0000,0.0000,0.0000
sources/olympus/pic.0157.jpg,1.0000,1.0000,0.0000,0.0000
sources/olympus/pic.0619.jpg,1.0000,1.0000,0.0000,0.0000
sources/olympus/pic.0180.jpg,1.0000,1.0000,0.0000,0.0000
sources/olympus/pic.0194.jpg,1.0000,1.0000,0.0000,0.0000
sources/olympus/pic.0802.jpg,1.0000,1.0000,0.0000,0.0000
sources/olympus/pic.0816.jpg,1.0000,1.0000,0.0000,0.0000
sources/olympus/pic.0427.jpg,1.0000,1.0000,0.0000,0.0000
sources/olympus/pic.0341.jpg,1.0000,1.0000,0.0000,0.0000
sources/olympus/pic.0355.jpg,1.0000,1.0000,0.0000,0.0000
sources/olympus/pic.0433.jpg,1.0000,1.0000,0.0000,0.0000
sources/olympus/pic.1063.jpg,1.0000,1.0000,0.0000,0.0000
sources/olympus/pic.0369.jpg,1.0000,1.0000,0.0000,0.0000
sources/olympus/pic.1077.jpg,1.0000,1.0000,0.0000,0.0000
sources/olympus/pic.0382.jpg,1.0000,1.0000,0.0000,0.0000
sources/olympus/pic.1088.jpg,1.0000,1.0000,0.0000,0.0000
sources/olympus/pic.0396.jpg,1.0000,1.0000,0.0000,0.0000
sources/olympus/pic.0392.jpg,1.0000,1.0000,0.0000,0.0000
sources/olympus/pic.0386.jpg,1.0000,1.0000,0.0000,0.0000
sources/olympus/pic.1098.jpg,1.0000,1.0000,0.0000,0.0000
sources/olympus/pic.0437.jpg,1.0000,1.0000,0.0000,0.0000
sources/olympus/pic.0351.jpg,1.0000,1.0000,0.0000,0.0000
sources/olympus/pic.0345.jpg,1.0000,1.0000,0.0000,0.0000
sources/olympus/pic.0423.jpg,1.0000,1.0000,0.0000,0.0000
sources/olympus/pic.1073.jpg,1.0000,1.0000,0.0000,0.0000
sources/olympus/pic.1067.jpg,1.0000,1.0000,0.0000,0.0000
sources/olympus/pic.0379.jpg,1.0000,1.0000,0.0000,0.0000
sources/olympus/pic.0190.jpg,1.0000,1.0000,0.0000,0.0000
sources/olympus/pic.0184.jpg,0.0914,0.0129,0.0000,0.0005
sources/olympus/pic.0812.jpg,1.0000,1.0000,0.0000,0.0000
sources/olympus/pic.0806.jpg,0.0000,0.0000,0.0000,0.0000
sources/olympus/pic.0153.jpg,1.0000,1.0000,0.0000,0.0000
sources/olympus/pic.0635.jpg,1.0000,1.0000,0.0000,0.0000
sources/olympus/pic.0621.jpg,1.0000,1.0000,0.0000,0.0000
sources/olympus/pic.0147.jpg,1.0000,1.0000,0.0000,0.0000
sources/olympus/pic.0609.jpg,1.0000,1.0000,0.0000,0.0000
sources/olympus/pic.0782.jpg,1.0000,1.0000,0.0000,0.0000
sources/olympus/pic.0796.jpg,1.0000,1.0000,0.0000,0.0000
sources/olympus/pic.0966.jpg,1.0000,1.0000,0.0000,0.0000
sources/olympus/pic.0972.jpg,1.0000,1.0000,0.0000,0.0000
sources/olympus/pic.0027.jpg,1.0000,1.0000,0.0000,0.0000
sources/olympus/pic.0741.jpg,0.0274,0.0166,0.0000,0.0002
sources/olympus/pic.0999.jpg,1.0000,1.0000,0.0000,0.0000
sources/olympus/pic.0755.jpg,1.0000,1.0000,0.0000,0.0000
sources/olympus/pic.0033.jpg,1.0000,1.0000,0.0000,0.0000
sources/olympus/pic.0769.jpg,1.0000,1.0000,0.0000,0.0000
sources/olympus/pic.0580.jpg,1.0000,1.0000,0.0000,0.0000
sources/olympus/pic.0594.jpg,1.0000,1.0000,0.0000,0.0000
sources/olympus/pic.0543.jpg,1.0000,1.0000,0.0000,0.0000
sources/olympus/pic.0225.jpg,1.0000,1.0000,0.0000,0.0000
sources/olympus/pic.0231.jpg,1.0000,1.0000,0.0000,0.0000
sources/olympus/pic.0557.jpg,1.0000,1.0000,0.0000,0.0000
sources/olympus/pic.0219.jpg,0.0015,0.0041,0.0000,0.0002
sources/olympus/pic.1107.jpg,1.0000,1.0000,0.0000,0.0000
sources/olympus/pic.1106.jpg,1.0000,1.0000,0.0000,0.0000
sources/olympus/pic.0218.jpg,1.0000,1.0000,0.0000,0.0000
sources/olympus/pic.0230.jpg,1.0000,1.0000,0.0000,0.0000
sources/olympus/pic.0556.jpg,1.0000,1.0000,0.0000,0.0000
sources/olympus/pic.0542.jpg,1.0000,1.0000,0.0000,0.0000
sources/olympus/pic.0224.jpg,1.0000,1.0000,0.0000,0.0000
sources/olympus/pic.0595.jpg,1.0000,1.0000,0.0000,0.0000
sources/olympus/pic.0581.jpg,1.0000,1.0000,0.0000,0.0000
sources/olympus/pic.0768.jpg,1.0000,1.0000,0.0000,0.0000
sources/olympus/pic.0754.jpg,1.0000,1.0000,0.0000,0.0000
sources/olympus/pic.0032.jpg,1.0000,1.0000,0.0000,0.0000
sources/olympus/pic.0026.jpg,1.0000,1.0000,0.0000,0.0000
sources/olympus/pic.0998.jpg,1.0000,1.0000,0.0000,0.0000
sources/olympus/pic.0740.jpg,1.0000,1.0000,0.0000,0.0000
sources/olympus/pic.0973.jpg,1.0000,1.0000,0.0000,0.0000
sources/olympus/pic.0967.jpg,1.0000,1.0000,0.0000,0.0000
sources/olympus/pic.0797.jpg,1.0000,1.0000,0.0000,0.0000
sources/olympus/pic.0783.jpg,1.0000,1.0000,0.0000,0.0000
sources/olympus/pic.0608.jpg,1.0000,1.0000,0.0000,0.0000
sources/olympus/pic.0620.jpg,1.0000,1.0000,0.0000,0.0000
sources/olympus/pic.0146.jpg,1.0000,1.0000,0.0000,0.0000
sources/olympus/pic.0152.jpg,1.0000,1.0000,0.0000,0.0000
sources/olympus/pic.0634.jpg,1.0000,1.0000,0.0000,0.0000
sources/olympus/pic.0807.jpg,1.0000,1.0000,0.0000,0.0000
sources/olympus/pic.0813.jpg,1.0000,1.0000,0.0000,0.0000
sources/olympus/pic.0185.jpg,1.0000,1.0000,0.0000,0.0000
sources/olympus/pic.0191.jpg,1.0000,1.0000,0.0000,0.0000
sources/olympus/pic.0378.jpg,1.0000,1.0000,0.0000,0.0000
sources/olympus/pic.1066.jpg,1.0000,1.0000,0.0000,0.0000
sources/olympus/pic.1072.jpg,1.0000,1.0000,0.0000,0.0000
sources/olympus/pic.0344.jpg,1.0000,1.0000,0.0000,0.0000
sources/olympus/pic.0422.jpg,1.0000,1.0000,0.0000,0.0000
sources/olympus/pic.0436.jpg,1.0000,1.0000,0.0000,0.0000
sources/olympus/pic.0350.jpg,1.0000,1.0000,0.0000,0.0000
sources/olympus/pic.1099.jpg,1.0000,1.0000,0.0000,0.0000
sources/olympus/pic.0387.jpg,1.0000,1.0000,0.0000,0.0000
sources/olympus/pic.0393.jpg,1.0000,1.0000,0.0000,0.0000
sources/olympus/pic.0385.jpg,1.0000,1.0000,0.0000,0.0000
sources/olympus/pic.0391.jpg,1.0000,1.0000,0.0000,0.0000
sources/olympus/pic.1058.jpg,1.0000,1.0000,0.0000,0.0000
sources/olympus/pic.0346.jpg,1.0000,1.0000,0.0000,0.0000
sources/olympus/pic.0352.jpg,1.0000,1.0000,0.0000,0.0000
sources/olympus/pic.0434.jpg,1.0000,1.0000,0.0000,0.0000
sources/olympus/pic.1064.jpg,1.0000,1.0000,0.0000,0.0000
sources/olympus/pic.1070.jpg,1.0000,1.0000,0.0000,0.0000
sources/olympus/pic.0408.jpg,1.0000,1.0000,0.0000,0.0000
sources/olympus/pic.0187.jpg,1.0000,1.0000,0.0000,0.0000
sources/olympus/pic.0839.jpg,1.0000,1.0000,0.0000,0.0000
sources/olympus/pic.0193.jpg,1.0000,1.0000,0.0000,0.0000
sources/olympus/pic.0805.jpg,1.0000,1.0000,0.0000,0.0000
sources/olympus/pic.0811.jpg,1.0000,1.0000,0.0000,0.0000
sources/olympus/pic.0144.jpg,1.0000,1.0000,0.0000,0.0000
sources/olympus/pic.0622.jpg,1.0000,1.0000,0.0000,0.0000
sources/olympus/pic.0636.jpg,1.0000,1.0000,0.0000,0.0000
sources/olympus/pic.0150.jpg,1.0000,1.0000,0.0000,0.0000
sources/olympus/pic.0178.jpg,1.0000,1.0000,0.0000,0.0000
sources/olympus/pic.0795.jpg,1.0000,1.0000,0.0000,0.0000
sources/olympus/pic.0959.jpg,1.0000,1.0000,0.0000,0.0000
sources/olympus/pic.0781.jpg,1.0000,1.0000,0.0000,0.0000
sources/olympus/pic.0971.jpg,1.0000,1.0000,0.0000,0.0000
sources/olympus/pic.0965.jpg,1.0000,1.0000,0.0000,0.0000
sources/olympus/pic.0030.jpg,1.0000,1.0000,0.0000,0.0000
sources/olympus/pic.0756.jpg,1.0000,1.0000,0.0000,0.0000
sources/olympus/pic.0742.jpg,0.0029,0.0008,0.0000,0.0001
sources/olympus/pic.0024.jpg,1.0000,1.0000,0.0000,0.0000
sources/olympus/pic.0018.jpg,1.0000,1.0000,0.0000,0.0000
sources/olympus/pic.0597.jpg,1.0000,1.0000,0.0000,0.0000
sources/olympus/pic.0583.jpg,1.0000,1.0000,0.0000,0.0000
sources/olympus/pic.0554.jpg,1.0000,1.0000,0.0000,0.0000
sources/olympus/pic.0232.jpg,1.0000,1.0000,0.0000,0.0000
sources/olympus/pic.0226.jpg,1.0000,1.0000,0.0000,0.0000
sources/olympus/pic.0540.jpg,1.0000,1.0000,0.0000,0.0000
sources/olympus/pic.0568.jpg,1.0000,1.0000,0.0000,0.0000
sources/olympus/pic.1104.jpg,1.0000,1.0000,0.0000,0.0000
sources/olympus/pic.1105.jpg,1.0000,1.0000,0.0000,0.0000
sources/olympus/pic.0569.jpg,1.0000,1.0000,0.0000,0.0000
sources/olympus/pic.0227.jpg,1.0000,1.0000,0.0000,0.0000
sources/olympus/pic.0541.jpg,1.0000,1.0000,0.0000,0.0000
sources/olympus/pic.0555.jpg,1.0000,1.0000,0.0000,0.0000
sources/olympus/pic.0233.jpg,1.0000,1.0000,0.0000,0.0000
sources/olympus/pic.0582.jpg,1.0000,1.0000,0.0000,0.0000
sources/olympus/pic.0596.jpg,1.0000,1.0000,0.0000,0.0000
sources/olympus/pic.0019.jpg,1.0000,1.0000,0.0000,0.0000
sources/olympus/pic.0743.jpg,1.0000,1.0000,0.0000,0.0000
sources/olympus/bananas.jpg,0.3051,0.0850,0.0126,0.1269
sources/olympus/pic.0025.jpg,1.0000,1.0000,0.0000,0.0000
sources/olympus/pic.0031.jpg,1.0000,1.0000,0.0000,0.0000
sources/olympus/pic.0757.jpg,1.0000,1.0000,0.0000,0.0000
sources/olympus/pic.0964.jpg,1.0000,1.0000,0.0000,0.0000
sources/olympus/pic.0970.jpg,1.0000,1.0000,0.0000,0.0000
sources/olympus/pic.0780.jpg,1.0000,1.0000,0.0000,0.0000
sources/olympus/pic.0958.jpg,0.1219,0.0679,0.0001,0.0011
sources/olympus/pic.0794.jpg,1.0000,1.0000,0.0000,0.0000
sources/olympus/pic.0179.jpg,1.0000,1.0000,0.0000,0.0000
sources/olympus/pic.0637.jpg,1.0000,1.0000,0.0000,0.0000
sources/olympus/pic.0151.jpg,0.0000,0.0000,0.0000,0.0000
sources/olympus/pic.0145.jpg,1.0000,1.0000,0.0000,0.0000
sources/olympus/pic.0623.jpg,1.0000,1.0000,0.0000,0.0000
sources/olympus/pic.0810.jpg,1.0000,1.0000,0.0000,0.0000
sources/olympus/pic.0804.jpg,1.0000,1.0000,0.0000,0.0000
sources/olympus/pic.0192.jpg,1.0000,1.0000,0.0000,0.0000
sources/olympus/pic.0186.jpg,0.1718,0.0599,0.0002,0.0025
sources/olympus/pic.0838.jpg,1.0000,1.0000,0.0000,0.0000
sources/olympus/pic.1071.jpg,1.0000,1.0000,0.0000,0.0000
sources/olympus/pic.0409.jpg,1.0000,1.0000,0.0000,0.0000
sources/olympus/pic.1065.jpg,1.0000,1.0000,0.0000,0.0000
sources/olympus/pic.0353.jpg,1.0000,1.0000,0.0000,0.0000
sources/olympus/pic.0435.jpg,1.0000,1.0000,0.0000,0.0000
sources/olympus/pic.0421.jpg,1.0000,1.0000,0.0000,0.0000
sources/olympus/pic.0347.jpg,0.0191,0.0157,0.0001,0.0009
sources/olympus/pic.1059.jpg,1.0000,1.0000,0.0000,0.0000
sources/olympus/pic.0390.jpg,1.0000,1.0000,0.0000,0.0000
sources/olympus/pic.0384.jpg,1.0000,1.0000,0.0000,0.0000
sources/olympus/pic.0485.jpg,1.0000,1.0000,0.0000,0.0000
sources/olympus/pic.0491.jpg,1.0000,1.0000,0.0000,0.0000
sources/olympus/pic.1002.jpg,1.0000,1.0000,0.0000,0.0000
sources/olympus/pic.1016.jpg,1.0000,1.0000,0.0000,0.0000
sources/olympus/pic.0308.jpg,1.0000,1.0000,0.0000,0.0000
sources/olympus/pic.0446.jpg,1.0000,1.0000,0.0000,0.0000
sources/olympus/pic.0320.jpg,1.0000,1.0000,0.0000,0.0000
sources/olympus/pic.0334.jpg,1.0000,1.0000,0.0000,0.0000
sources/olympus/pic.0452.jpg,1.0000,1.0000,0.0000,0.0000
sources/olympus/pic.0863.jpg,1.0000,1.0000,0.0000,0.0000
sources/olympus/pic.0877.jpg,1.0000,1.0000,0.0000,0.0000
sources/olympus/pic.0687.jpg,1.0000,1.0000,0.0000,0.0000
sources/olympus/pic.0693.jpg,1.0000,1.0000,0.0000,0.0000
sources/olympus/pic.0678.jpg,1.0000,1.0000,0.0000,0.0000
sources/olympus/pic.0122.jpg,1.0000,1.0000,0.0000,0.0000
sources/olympus/pic.0644.jpg,1.0000,1.0000,0.0000,0.0000
sources/olympus/pic.0888.jpg,1.0000,1.0000,0.0000,0.0000
sources/olympus/pic.0650.jpg,1.0000,1.0000,0.0000,0.0000
sources/olympus/pic.0136.jpg,1.0000,1.0000,0.0000,0.0000
sources/olympus/pic.0917.jpg,1.0000,1.0000,0.0000,0.0000
sources/olympus/pic.0903.jpg,1.0000,1.0000,0.0000,0.0000
sources/olympus/pic.0095.jpg,1.0000,1.0000,0.0000,0.0000
sources/olympus/pic.0081.jpg,1.0000,1.0000,0.0000,0.0000
sources/olympus/pic.0718.jpg,1.0000,1.0000,0.0000,0.0000
sources/olympus/pic.0056.jpg,1.0000,1.0000,0.0000,0.0000
sources/olympus/pic.0730.jpg,1.0000,1.0000,0.0000,0.0000
sources/olympus/pic.0724.jpg,1.0000,1.0000,0.0000,0.0000
sources/olympus/pic.0042.jpg,1.0000,1.0000,0.0000,0.0000
sources/olympus/pic.0297.jpg,1.0000,1.0000,0.0000,0.0000
sources/olympus/pic.0283.jpg,1.0000,1.0000,0.0000,0.0000
sources/olympus/pic.0268.jpg,1.0000,1.0000,0.0000,0.0000
sources/olympus/pic.0532.jpg,1.0000,1.0000,0.0000,0.0000
sources/olympus/pic.0254.jpg,1.0000,1.0000,0.0000,0.0000
sources/olympus/pic.0240.jpg,1.0000,1.0000,0.0000,0.0000
sources/olympus/pic.0526.jpg,1.0000,1.0000,0.0000,0.0000
sources/olympus/pic.0241.jpg,1.0000,1.0000,0.0000,0.0000
sources/olympus/pic.0527.jpg,1.0000,1.0000,0.0000,0.0000
sources/olympus/pic.0533.jpg,1.0000,1.0000,0.0000,0.0000
sources/olympus/pic.0255.jpg,1.0000,1.0000,0.0000,0.0000
sources/olympus/pic.0269.jpg,1.0000,1.0000,0.0000,0.0000
sources/olympus/pic.0282.jpg,1.0000,1.0000,0.0000,0.0000
sources/olympus/pic.0296.jpg,1.0000,1.0000,0.0000,0.0000
sources/olympus/pic.0725.jpg,1.0000,1.0000,0.0000,0.0000
sources/olympus/pic.0043.jpg,1.0000,1.0000,0.0000,0.0000
sources/olympus/pic.0057.jpg,1.0000,1.0000,0.0000,0.0000
sources/olympus/pic.0731.jpg,0.1158,0.0310,0.0000,0.0002
sources/olympus/pic.0719.jpg,1.0000,1.0000,0.0000,0.0000
sources/olympus/pic.0080.jpg,1.0000,1.0000,0.0000,0.0000
sources/olympus/pic.0094.jpg,1.0000,1.0000,0.0000,0.0000
sources/olympus/pic.0902.jpg,1.0000,1.0000,0.0000,0.0000
sources/olympus/pic.0916.jpg,1.0000,1.0000,0.0000,0.0000
sources/olympus/pic.0651.jpg,1.0000,1.0000,0.0000,0.0000
sources/olympus/pic.0889.jpg,1.0000,1.0000,0.0000,0.0000
sources/olympus/pic.0137.jpg,1.0000,1.0000,0.0000,0.0000
sources/olympus/pic.0123.jpg,1.0000,1.0000,0.0000,0.0000
sources/olympus/pic.0645.jpg,1.0000,1.0000,0.0000,0.0000
sources/olympus/pic.0679.jpg,1.0000,1.0000,0.0000,0.0000
sources/olympus/pic.0692.jpg,1.0000,1.0000,0.0000,0.0000
sources/olympus/pic.0686.jpg,1.0000,1.0000,0.0000,0.0000
sources/olympus/pic.0876.jpg,1.0000,1.0000,0.0000,0.0000
sources/olympus/pic.0862.jpg,1.0000,1.0000,0.0000,0.0000
sources/olympus/pic.0335.jpg,1.0000,1.0000,0.0000,0.0000
sources/olympus/pic.0453.jpg,1.0000,1.0000,0.0000,0.0000
sources/olympus/pic.0447.jpg,1.0000,1.0000,0.0000,0.0000
sources/olympus/pic.0321.jpg,1.0000,1.0000,0.0000,0.0000
sources/olympus/pic.0309.jpg,1.0000,1.0000,0.0000,0.0000
sources/olympus/pic.1017.jpg,1.0000,1.0000,0.0000,0.0000
sources/olympus/pic.1003.jpg,1.0000,1.0000,0.0000,0.0000
sources/olympus/pic.0490.jpg,1.0000,1.0000,0.0000,0.0000
sources/olympus/pic.0484.jpg,1.0000,1.0000,0.0000,0.0000
sources/olympus/pic.0492.jpg,1.0000,1.0000,0.0000,0.0000
sources/olympus/pic.0486.jpg,1.0000,1.0000,0.0000,0.0000
sources/olympus/pic.1015.jpg,1.0000,1.0000,0.0000,0.0000
sources/olympus/pic.1001.jpg,1.0000,1.0000,0.0000,0.0000
sources/olympus/pic.0479.jpg,1.0000,1.0000,0.0000,0.0000
sources/olympus/pic.0451.jpg,0.0225,0.0086,0.0000,0.0001
sources/olympus/pic.1029.jpg,1.0000,1.0000,0.0000,0.0000
sources/olympus/pic.0337.jpg,1.0000,1.0000,0.0000,0.0000
sources/olympus/pic.0323.jpg,1.0000,1.0000,0.0000,0.0000
sources/olympus/pic.0445.jpg,1.0000,1.0000,0.0000,0.0000
sources/olympus/pic.0874.jpg,1.0000,1.0000,0.0000,0.0000
sources/olympus/pic.0860.jpg,1.0000,1.0000,0.0000,0.0000
sources/olympus/pic.0690.jpg,1.0000,1.0000,0.0000,0.0000
sources/olympus/pic.0848.jpg,1.0000,1.0000,0.0000,0.0000
sources/olympus/pic.0684.jpg,1.0000,1.0000,0.0000,0.0000
sources/olympus/pic.0109.jpg,1.0000,1.0000,0.0000,0.0000
sources/olympus/pic.0135.jpg,1.0000,1.0000,0.0000,0.0000
sources/olympus/pic.0653.jpg,1.0000,1.0000,0.0000,0.0000
sources/olympus/pic.0647.jpg,1.0000,1.0000,0.0000,0.0000
sources/olympus/pic.0121.jpg,1.0000,1.0000,0.0000,0.0000
sources/olympus/pic.0900.jpg,1.0000,1.0000,0.0000,0.0000
sources/olympus/pic.0914.jpg,1.0000,1.0000,0.0000,0.0000
sources/olympus/pic.0082.jpg,1.0000,1.0000,0.0000,0.0000
sources/olympus/pic.0928.jpg,1.0000,1.0000,0.0000,0.0000
sources/olympus/pic.0096.jpg,1.0000,1.0000,0.0000,0.0000
sources/olympus/pic.0069.jpg,1.0000,1.0000,0.0000,0.0000
sources/olympus/pic.0041.jpg,1.0000,1.0000,0.0000,0.0000
sources/olympus/pic.0727.jpg,1.0000,1.0000,0.0000,0.0000
sources/olympus/pic.0733.jpg,1.0000,1.0000,0.0000,0.0000
sources/olympus/pic.0055.jpg,1.0000,1.0000,0.0000,0.0000
sources/olympus/pic.0280.jpg,1.0000,1.0000,0.0000,0.0000
sources/olympus/pic.0294.jpg,1.0000,1.0000,0.0000,0.0000
sources/olympus/pic.0519.jpg,1.0000,1.0000,0.0000,0.0000
sources/olympus/pic.0525.jpg,1.0000,1.0000,0.0000,0.0000
sources/olympus/pic.0243.jpg,1.0000,1.0000,0.0000,0.0000
sources/olympus/pic.0257.jpg,1.0000,1.0000,0.0000,0.0000
sources/olympus/pic.0531.jpg,1.0000,1.0000,0.0000,0.0000
sources/olympus/pic.0256.jpg,1.0000,1.0000,0.0000,0.0000
sources/olympus/pic.0530.jpg,1.0000,1.0000,0.0000,0.0000
sources/olympus/pic.0524.jpg,1.0000,1.0000,0.0000,0.0000
sources/olympus/pic.0242.jpg,1.0000,1.0000,0.0000,0.0000
sources/olympus/pic.0518.jpg,1.0000,1.0000,0.0000,0.0000
sources/olympus/pic.0295.jpg,1.0000,1.0000,0.0000,0.0000
sources/olympus/pic.0281.jpg,1.0000,1.0000,0.0000,0.0000
sources/olympus/pic.0732.jpg,1.0000,1.0000,0.0000,0.0000
sources/olympus/pic.0054.jpg,1.0000,1.0000,0.0000,0.0000
sources/olympus/pic.0040.jpg,1.0000,1.0000,0.0000,0.0000
sources/olympus/pic.0726.jpg,1.0000,1.0000,0.0000,0.0000
sources/olympus/pic.0068.jpg,1.0000,1.0000,0.0000,0.0000
sources/olympus/pic.0929.jpg,1.0000,1.0000,0.0000,0.0000
sources/olympus/pic.0097.jpg,1.0000,1.0000,0.0000,0.0000
sources/olympus/pic.0083.jpg,1.0000,1.0000,0.0000,0.0000
sources/olympus/pic.0915.jpg,1.0000,1.0000,0.0000,0.0000
sources/olympus/pic.0901.jpg,1.0000,1.0000,0.0000,0.0000
sources/olympus/pic.0646.jpg,1.0000,1.0000,0.0000,0.0000
sources/olympus/pic.0120.jpg,1.0000,1.0000,0.0000,0.0000
sources/olympus/pic.0134.jpg,1.0000,1.0000,0.0000,0.0000
sources/olympus/pic.0652.jpg,1.0000,1.0000,0.0000,0.0000
sources/olympus/pic.0108.jpg,1.0000,1.0000,0.0000,0.0000
sources/olympus/pic.0685.jpg,1.0000,1.0000,0.0000,0.0000
sources/olympus/pic.0849.jpg,1.0000,1.0000,0.0000,0.0000
sources/olympus/pic.0691.jpg,1.0000,1.0000,0.0000,0.0000
sources/olympus/pic.0861.jpg,1.0000,1.0000,0.0000,0.0000
sources/olympus/pic.0875.jpg,1.0000,1.0000,0.0000,0.0000
sources/olympus/pic.0322.jpg,1.0000,1.0000,0.0000,0.0000
sources/olympus/pic.0444.jpg,1.0000,1.0000,0.0000,0.0000
sources/olympus/pic.0450.jpg,1.0000,1.0000,0.0000,0.0000
sources/olympus/pic.0336.jpg,0.2199,0.1260,0.0001,0.0013
sources/olympus/pic.1028.jpg,1.0000,1.0000,0.0000,0.0000
sources/olympus/pic.1000.jpg,1.0000,1.0000,0.0000,0.0000
sources/olympus/pic.0478.jpg,1.0000,1.0000,0.0000,0.0000
sources/olympus/pic.1014.jpg,1.0000,1.0000,0.0000,0.0000
sources/olympus/pic.0487.jpg,1.0000,1.0000,0.0000,0.0000
sources/olympus/pic.0493.jpg,1.0000,1.0000,0.0000,0.0000
sources/olympus/pic.0497.jpg,1.0000,1.0000,0.0000,0.0000
sources/olympus/pic.0483.jpg,1.0000,1.0000,0.0000,0.0000
sources/olympus/pic.0332.jpg,1.0000,1.0000,0.0000,0.0000
sources/olympus/pic.0454.jpg,1.0000,1.0000,0.0000,0.0000
sources/olympus/pic.0440.jpg,1.0000,1.0000,0.0000,0.0000
sources/olympus/pic.1038.jpg,1.0000,1.0000,0.0000,0.0000
sources/olympus/pic.0326.jpg,1.0000,1.0000,0.0000,0.0000
sources/olympus/pic.1010.jpg,1.0000,1.0000,0.0000,0.0000
sources/olympus/pic.0468.jpg,1.0000,1.0000,0.0000,0.0000
sources/olympus/pic.1004.jpg,1.0000,1.0000,0.0000,0.0000
sources/olympus/pic.0695.jpg,1.0000,1.0000,0.0000,0.0000
sources/olympus/pic.0681.jpg,1.0000,1.0000,0.0000,0.0000
sources/olympus/pic.0859.jpg,1.0000,1.0000,0.0000,0.0000
sources/olympus/pic.0871.jpg,1.0000,1.0000,0.0000,0.0000
sources/olympus/pic.0865.jpg,1.0000,1.0000,0.0000,0.0000
sources/olympus/pic.0656.jpg,1.0000,1.0000,0.0000,0.0000
sources/olympus/pic.0130.jpg,1.0000,1.0000,0.0000,0.0000
sources/olympus/pic.0124.jpg,1.0000,1.0000,0.0000,0.0000
sources/olympus/pic.0642.jpg,1.0000,1.0000,0.0000,0.0000
sources/olympus/pic.0118.jpg,1.0000,1.0000,0.0000,0.0000
sources/olympus/pic.0939.jpg,1.0000,1.0000,0.0000,0.0000
sources/olympus/pic.0087.jpg,1.0000,1.0000,0.0000,0.0000
sources/olympus/pic.0093.jpg,1.0000,1.0000,0.0000,0.0000
sources/olympus/pic.0905.jpg,1.0000,1.0000,0.0000,0.0000
sources/olympus/pic.0911.jpg,1.0000,1.0000,0.0000,0.0000
sources/olympus/pic.0722.jpg,1.0000,1.0000,0.0000,0.0000
sources/olympus/pic.0044.jpg,1.0000,1.0000,0.0000,0.0000
sources/olympus/pic.0050.jpg,1.0000,1.0000,0.0000,0.0000
sources/olympus/pic.0736.jpg,1.0000,1.0000,0.0000,0.0000
sources/olympus/pic.0078.jpg,1.0000,1.0000,0.0000,0.0000
sources/olympus/pic.0285.jpg,1.0000,1.0000,0.0000,0.0000
sources/olympus/pic.0291.jpg,1.0000,1.0000,0.0000,0.0000
sources/olympus/bananas1.jpg,1.0000,1.0000,0.0000,0.0000
sources/olympus/pic.0246.jpg,0.2541,0.0333,0.0000,0.0003
sources/olympus/pic.0520.jpg,1.0000,1.0000,0.0000,0.0000
sources/olympus/pic.0534.jpg,1.0000,1.0000,0.0000,0.0000
sources/olympus/pic.0252.jpg,1.0000,1.0000,0.0000,0.0000
sources/olympus/pic.0508.jpg,1.0000,1.0000,0.0000,0.0000
sources/olympus/pic.0509.jpg,1.0000,1.0000,0.0000,0.0000
sources/olympus/pic.0535.jpg,1.0000,1.0000,0.0000,0.0000
sources/olympus/pic.0253.jpg,0.0000,0.0000,0.0000,0.0000
sources/olympus/pic.0247.jpg,1.0000,1.0000,0.0000,0.0000
sources/olympus/pic.0521.jpg,1.0000,1.0000,0.0000,0.0000
sources/olympus/pic.0290.jpg,1.0000,1.0000,0.0000,0.0000
sources/olympus/pic.0284.jpg,1.0000,1.0000,0.0000,0.0000
sources/olympus/pic.0079.jpg,1.0000,1.0000,0.0000,0.0000
sources/olympus/pic.0051.jpg,1.0000,1.0000,0.0000,0.0000
sources/olympus/pic.0737.jpg,1.0000,1.0000,0.0000,0.0000
sources/olympus/pic.0723.jpg,1.0000,1.0000,0.0000,0.0000
sources/olympus/pic.0045.jpg,1.0000,1.0000,0.0000,0.0000
sources/olympus/pic.0910.jpg,1.0000,1.0000,0.0000,0.0000
sources/olympus/pic.0904.jpg,1.0000,1.0000,0.0000,0.0000
sources/olympus/pic.0092.jpg,1.0000,1.0000,0.0000,0.0000
sources/olympus/pic.0938.jpg,1.0000,1.0000,0.0000,0.0000
sources/olympus/pic.0086.jpg,1.0000,1.0000,0.0000,0.0000
sources/olympus/pic.0119.jpg,1.0000,1.0000,0.0000,0.0000
sources/olympus/pic.0125.jpg,1.0000,1.0000,0.0000,0.0000
sources/olympus/pic.0643.jpg,1.0000,1.0000,0.0000,0.0000
sources/olympus/pic.0657.jpg,0.0199,0.1732,0.0000,0.0004
sources/olympus/pic.0131.jpg,1.0000,1.0000,0.0000,0.0000
sources/olympus/pic.0864.jpg,1.0000,1.0000,0.0000,0.0000
sources/olympus/pic.0870.jpg,1.0000,1.0000,0.0000,0.0000
sources/olympus/pic.0858.jpg,1.0000,1.0000,0.0000,0.0000
sources/olympus/pic.0680.jpg,1.0000,1.0000,0.0000,0.0000
sources/olympus/pic.0694.jpg,1.0000,1.0000,0.0000,0.0000
sources/olympus/pic.1005.jpg,1.0000,1.0000,0.0000,0.0000
sources/olympus/pic.1011.jpg,1.0000,1.0000,0.0000,0.0000
sources/olympus/pic.0469.jpg,1.0000,1.0000,0.0000,0.0000
sources/olympus/pic.0441.jpg,1.0000,1.0000,0.0000,0.0000
sources/olympus/pic.0327.jpg,1.0000,1.0000,0.0000,0.0000
sources/olympus/pic.1039.jpg,1.0000,1.0000,0.0000,0.0000
sources/olympus/pic.0333.jpg,1.0000,1.0000,0.0000,0.0000
sources/olympus/pic.0455.jpg,1.0000,1.0000,0.0000,0.0000
sources/olympus/pic.0482.jpg,1.0000,1.0000,0.0000,0.0000
sources/olympus/pic.0496.jpg,1.0000,1.0000,0.0000,0.0000
sources/olympus/pic.0480.jpg,1.0000,1.0000,0.0000,0.0000
sources/olympus/pic.0494.jpg,1.0000,1.0000,0.0000,0.0000
sources/olympus/pic.0325.jpg,1.0000,1.0000,0.0000,0.0000
sources/olympus/pic.0443.jpg,1.0000,1.0000,0.0000,0.0000
sources/olympus/pic.0457.jpg,1.0000,1.0000,0.0000,0.0000
sources/olympus/pic.0331.jpg,1.0000,1.0000,0.0000,0.0000
sources/olympus/pic.1007.jpg,1.0000,1.0000,0.0000,0.0000
sources/olympus/pic.0319.jpg,1.0000,1.0000,0.0000,0.0000
sources/olympus/pic.1013.jpg,1.0000,1.0000,0.0000,0.0000
sources/olympus/pic.0682.jpg,1.0000,1.0000,0.0000,0.0000
sources/olympus/pic.0696.jpg,1.0000,1.0000,0.0000,0.0000
sources/olympus/pic.0866.jpg,1.0000,1.0000,0.0000,0.0000
sources/olympus/pic.0872.jpg,1.0000,1.0000,0.0000,0.0000
sources/olympus/pic.0899.jpg,1.0000,1.0000,0.0000,0.0000
sources/olympus/pic.0641.jpg,1.0000,1.0000,0.0000,0.0000
sources/olympus/pic.0127.jpg,1.0000,1.0000,0.0000,0.0000
sources/olympus/pic.0133.jpg,1.0000,1.0000,0.0000,0.0000
sources/olympus/pic.0655.jpg,0.0289,0.1848,0.0001,0.0006
sources/olympus/pic.0669.jpg,1.0000,1.0000,0.0000,0.0000
sources/olympus/pic.0090.jpg,0.0329,0.0094,0.0000,0.0002
sources/olympus/pic.0084.jpg,1.0000,1.0000,0.0000,0.0000
sources/olympus/pic.0912.jpg,1.0000,1.0000,0.0000,0.0000
sources/olympus/pic.0906.jpg,1.0000,1.0000,0.0000,0.0000
sources/olympus/pic.0735.jpg,1.0000,1.0000,0.0000,0.0000
sources/olympus/pic.0053.jpg,1.0000,1.0000,0.0000,0.0000
sources/olympus/pic.0047.jpg,1.0000,1.0000,0.0000,0.0000
sources/olympus/pic.0721.jpg,1.0000,1.0000,0.0000,0.0000
sources/olympus/pic.0709.jpg,1.0000,1.0000,0.0000,0.0000
sources/olympus/pic.0292.jpg,1.0000,1.0000,0.0000,0.0000
sources/olympus/pic.0286.jpg,1.0000,1.0000,0.0000,0.0000
sources/olympus/pic.0251.jpg,1.0000,1.0000,0.0000,0.0000
sources/olympus/pic.0537.jpg,1.0000,1.0000,0.0000,0.0000
sources/olympus/pic.0523.jpg,1.0000,1.0000,0.0000,0.0000
sources/olympus/pic.0245.jpg,1.0000,1.0000,0.0000,0.0000
sources/olympus/pic.0279.jpg,1.0000,1.0000,0.0000,0.0000
sources/olympus/pic.0278.jpg,1.0000,1.0000,0.0000,0.0000
sources/olympus/pic.0522.jpg,1.0000,1.0000,0.0000,0.0000
sources/olympus/pic.0244.jpg,1.0000,1.0000,0.0000,0.0000
sources/olympus/pic.0250.jpg,1.0000,1.0000,0.0000,0.0000
sources/olympus/pic.0536.jpg,1.0000,1.0000,0.0000,0.0000
sources/olympus/pic.0287.jpg,1.0000,1.0000,0.0000,0.0000
sources/olympus/pic.0293.jpg,1.0000,1.0000,0.0000,0.0000
sources/olympus/pic.0708.jpg,1.0000,1.0000,0.0000,0.0000
sources/olympus/pic.0046.jpg,1.0000,1.0000,0.0000,0.0000
sources/olympus/pic.0720.jpg,1.0000,1.0000,0.0000,0.0000
sources/olympus/pic.0734.jpg,1.0000,1.0000,0.0000,0.0000
sources/olympus/pic.0052.jpg,1.0000,1.0000,0.0000,0.0000
sources/olympus/pic.0907.jpg,1.0000,1.0000,0.0000,0.0000
sources/olympus/pic.0913.jpg,1.0000,1.0000,0.0000,0.0000
sources/olympus/pic.0085.jpg,1.0000,1.0000,0.0000,0.0000
sources/olympus/pic.0091.jpg,1.0000,1.0000,0.0000,0.0000
sources/olympus/pic.0668.jpg,1.0000,1.0000,0.0000,0.0000
sources/olympus/pic.0132.jpg,1.0000,1.0000,0.0000,0.0000
sources/olympus/pic.0654.jpg,1.0000,1.0000,0.0000,0.0000
sources/olympus/pic.0640.jpg,1.0000,1.0000,0.0000,0.0000
sources/olympus/pic.0898.jpg,1.0000,1.0000,0.0000,0.0000
sources/olympus/pic.0126.jpg,1.0000,1.0000,0.0000,0.0000
sources/olympus/pic.0873.jpg,1.0000,1.0000,0.0000,0.0000
sources/olympus/pic.0867.jpg,1.0000,1.0000,0.0000,0.0000
sources/olympus/pic.0697.jpg,1.0000,1.0000,0.0000,0.0000
sources/olympus/pic.0683.jpg,1.0000,1.0000,0.0000,0.0000
sources/olympus/pic.1012.jpg,1.0000,1.0000,0.0000,0.0000
sources/olympus/pic.0318.jpg,1.0000,1.0000,0.0000,0.0000
sources/olympus/pic.1006.jpg,1.0000,1.0000,0.0000,0.0000
sources/olympus/pic.0456.jpg,1.0000,1.0000,0.0000,0.0000
sources/olympus/pic.0330.jpg,1.0000,1.0000,0.0000,0.0000
sources/olympus/pic.0324.jpg,1.0000,1.0000,0.0000,0.0000
sources/olympus/pic.0442.jpg,1.0000,1.0000,0.0000,0.0000
sources/olympus/pic.0495.jpg,1.0000,1.0000,0.0000,0.0000
sources/olympus/pic.0481.jpg,1.0000,1.0000,0.0000,0.0000
sources/olympus/pic.0498.jpg,1.0000,1.0000,0.0000,0.0000
sources/olympus/pic.1023.jpg,1.0000,1.0000,0.0000,0.0000
sources/olympus/pic.1037.jpg,1.0000,1.0000,0.0000,0.0000
sources/olympus/pic.0329.jpg,0.1231,0.2462,0.0001,0.0007
sources/olympus/pic.0467.jpg,0.0055,0.0057,0.0000,0.0005
sources/olympus/pic.0301.jpg,1.0000,1.0000,0.0000,0.0000
sources/olympus/pic.0315.jpg,0.0016,0.0000,0.0000,0.0001
sources/olympus/pic.0473.jpg,1.0000,1.0000,0.0000,0.0000
sources/olympus/pic.0842.jpg,1.0000,1.0000,0.0000,0.0000
sources/olympus/pic.0856.jpg,1.0000,1.0000,0.0000,0.0000
sources/olympus/pic.0881.jpg,1.0000,1.0000,0.0000,0.0000
sources/olympus/pic.0659.jpg,1.0000,1.0000,0.0000,0.0000
sources/olympus/pic.0895.jpg,1.0000,1.0000,0.0000,0.0000
sources/olympus/pic.0103.jpg,1.0000,1.0000,0.0000,0.0000
sources/olympus/pic.0665.jpg,0.1828,0.1362,0.0000,0.0003
sources/olympus/pic.0671.jpg,1.0000,1.0000,0.0000,0.0000
sources/olympus/pic.0117.jpg,1.0000,1.0000,0.0000,0.0000
sources/olympus/pic.0088.jpg,1.0000,1.0000,0.0000,0.0000
sources/olympus/pic.0936.jpg,1.0000,1.0000,0.0000,0.0000
sources/olympus/pic.0922.jpg,1.0000,1.0000,0.0000,0.0000
sources/olympus/pic.0739.jpg,1.0000,1.0000,0.0000,0.0000
sources/olympus/pic.0077.jpg,1.0000,1.0000,0.0000,0.0000
sources/olympus/pic.0711.jpg,1.0000,1.0000,0.0000,0.0000
sources/olympus/pic.0705.jpg,1.0000,1.0000,0.0000,0.0000
sources/olympus/pic.0063.jpg,1.0000,1.0000,0.0000,0.0000
sources/olympus/pic.0249.jpg,1.0000,1.0000,0.0000,0.0000
sources/olympus/pic.0513.jpg,1.0000,1.0000,0.0000,0.0000
sources/olympus/pic.0275.jpg,1.0000,1.0000,0.0000,0.0000
sources/olympus/pic.0261.jpg,1.0000,1.0000,0.0000,0.0000
sources/olympus/pic.0507.jpg,1.0000,1.0000,0.0000,0.0000
sources/olympus/pic.0260.jpg,1.0000,1.0000,0.0000,0.0000
sources/olympus/pic.0506.jpg,1.0000,1.0000,0.0000,0.0000
sources/olympus/pic.0512.jpg,1.0000,1.0000,0.0000,0.0000
sources/olympus/pic.0274.jpg,1.0000,1.0000,0.0000,0.0000
sources/olympus/pic.0248.jpg,1.0000,1.0000,0.0000,0.0000
sources/olympus/pic.0704.jpg,1.0000,1.0000,0.0000,0.0000
sources/olympus/pic.0062.jpg,1.0000,1.0000,0.0000,0.0000
sources/olympus/pic.0076.jpg,1.0000,1.0000,0.0000,0.0000
sources/olympus/pic.0710.jpg,1.0000,1.0000,0.0000,0.0000
sources/olympus/pic.0738.jpg,1.0000,1.0000,0.0000,0.0000
sources/olympus/pic.0923.jpg,1.0000,1.0000,0.0000,0.0000
sources/olympus/pic.0089.jpg,1.0000,1.0000,0.0000,0.0000
sources/olympus/pic.0937.jpg,1.0000,1.0000,0.0000,0.0000
sources/olympus/pic.0670.jpg,1.0000,1.0000,0.0000,0.0000
sources/olympus/pic.0116.jpg,1.0000,1.0000,0.0000,0.0000
sources/olympus/pic.0102.jpg,1.0000,1.0000,0.0000,0.0000
sources/olympus/pic.0664.jpg,1.0000,1.0000,0.0000,0.0000
sources/olympus/pic.0894.jpg,1.0000,1.0000,0.0000,0.0000
sources/olympus/pic.0658.jpg,1.0000,1.0000,0.0000,0.0000
sources/olympus/pic.0880.jpg,1.0000,1.0000,0.0000,0.0000
sources/olympus/pic.0857.jpg,1.0000,1.0000,0.0000,0.0000
sources/olympus/pic.0843.jpg,1.0000,1.0000,0.0000,0.0000
sources/olympus/pic.0314.jpg,1.0000,1.0000,0.0000,0.0000
sources/olympus/pic.0472.jpg,0.2599,0.0399,0.0000,0.0003
sources/olympus/pic.0466.jpg,1.0000,1.0000,0.0000,0.0000
sources/olympus/pic.0300.jpg,1.0000,1.0000,0.0000,0.0000
sources/olympus/pic.0328.jpg,1.0000,1.0000,0.0000,0.0000
sources/olympus/pic.1036.jpg,1.0000,1.0000,0.0000,0.0000
sources/olympus/pic.1022.jpg,1.0000,1.0000,0.0000,0.0000
sources/olympus/pic.0499.jpg,1.0000,1.0000,0.0000,0.0000
sources/olympus/pic.1034.jpg,1.0000,1.0000,0.0000,0.0000
sources/olympus/pic.1020.jpg,1.0000,1.0000,0.0000,0.0000
sources/olympus/pic.0458.jpg,0.0358,0.0298,0.0000,0.0002
sources/olympus/pic.0470.jpg,1.0000,1.0000,0.0000,0.0000
sources/olympus/pic.1008.jpg,1.0000,1.0000,0.0000,0.0000
sources/olympus/pic.0316.jpg,1.0000,1.0000,0.0000,0.0000
sources/olympus/pic.0302.jpg,1.0000,1.0000,0.0000,0.0000
sources/olympus/pic.0464.jpg,0.0015,0.0260,0.0000,0.0003
sources/olympus/pic.0855.jpg,1.0000,1.0000,0.0000,0.0000
sources/olympus/pic.0699.jpg,1.0000,1.0000,0.0000,0.0000
sources/olympus/pic.0841.jpg,1.0000,1.0000,0.0000,0.0000
sources/olympus/pic.0869.jpg,1.0000,1.0000,0.0000,0.0000
sources/olympus/pic.0128.jpg,1.0000,1.0000,0.0000,0.0000
sources/olympus/pic.0896.jpg,1.0000,1.0000,0.0000,0.0000
sources/olympus/pic.0882.jpg,1.0000,1.0000,0.0000,0.0000
sources/olympus/pic.0114.jpg,1.0000,1.0000,0.0000,0.0000
sources/olympus/pic.0672.jpg,1.0000,1.0000,0.0000,0.0000
sources/olympus/pic.0666.jpg,0.1750,0.1574,0.0000,0.0003
sources/olympus/pic.0100.jpg,1.0000,1.0000,0.0000,0.0000
sources/olympus/pic.0921.jpg,1.0000,1.0000,0.0000,0.0000
sources/olympus/pic.0935.jpg,1.0000,1.0000,0.0000,0.0000
sources/olympus/pic.0909.jpg,1.0000,1.0000,0.0000,0.0000
sources/olympus/pic.0048.jpg,0.0000,0.0000,0.0000,0.0000
sources/olympus/pic.0060.jpg,1.0000,1.0000,0.0000,0.0000
sources/olympus/pic.0706.jpg,1.0000,1.0000,0.0000,0.0000
sources/olympus/pic.0712.jpg,1.0000,1.0000,0.0000,0.0000
sources/olympus/pic.0074.jpg,1.0000,1.0000,0.0000,0.0000
sources/olympus/pic.0289.jpg,1.0000,1.0000,0.0000,0.0000
sources/olympus/pic.0538.jpg,1.0000,1.0000,0.0000,0.0000
sources/olympus/pic.0504.jpg,1.0000,1.0000,0.0000,0.0000
sources/olympus/pic.0262.jpg,1.0000,1.0000,0.0000,0.0000
sources/olympus/pic.0276.jpg,1.0000,1.0000,0.0000,0.0000
sources/olympus/pic.0510.jpg,1.0000,1.0000,0.0000,0.0000
sources/olympus/pic.0277.jpg,1.0000,1.0000,0.0000,0.0000
sources/olympus/pic.0511.jpg,1.0000,1.0000,0.0000,0.0000
sources/olympus/pic.0505.jpg,1.0000,1.0000,0.0000,0.0000
sources/olympus/pic.0263.jpg,1.0000,1.0000,0.0000,0.0000
sources/olympus/pic.0539.jpg,1.0000,1.0000,0.0000,0.0000
sources/olympus/pic.0288.jpg,1.0000,1.0000,0.0000,0.0000
sources/olympus/pic.0713.jpg,1.0000,1.0000,0.0000,0.0000
sources/olympus/pic.0075.jpg,1.0000,1.0000,0.0000,0.0000
sources/olympus/pic.0061.jpg,1.0000,1.0000,0.0000,0.0000
sources/olympus/pic.0707.jpg,1.0000,1.0000,0.0000,0.0000
sources/olympus/pic.0049.jpg,1.0000,1.0000,0.0000,0.0000
sources/olympus/pic.0908.jpg,1.0000,1.0000,0.0000,0.0000
sources/olympus/pic.0934.jpg,1.0000,1.0000,0.0000,0.0000
sources/olympus/pic.0920.jpg,1.0000,1.0000,0.0000,0.0000
sources/olympus/pic.0667.jpg,1.0000,1.0000,0.0000,0.0000
sources/olympus/pic.0101.jpg,1.0000,1.0000,0.0000,0.0000
sources/olympus/pic.0115.jpg,1.0000,1.0000,0.0000,0.0000
sources/olympus/pic.0673.jpg,1.0000,1.0000,0.0000,0.0000
sources/olympus/pic.0883.jpg,1.0000,1.0000,0.0000,0.0000
sources/olympus/pic.0129.jpg,1.0000,1.0000,0.0000,0.0000
sources/olympus/pic.0897.jpg,1.0000,1.0000,0.0000,0.0000
sources/olympus/pic.0868.jpg,1.0000,1.0000,0.0000,0.0000
sources/olympus/pic.0840.jpg,1.0000,1.0000,0.0000,0.0000
sources/olympus/pic.0698.jpg,1.0000,1.0000,0.0000,0.0000
sources/olympus/pic.0854.jpg,1.0000,1.0000,0.0000,0.0000
sources/olympus/pic.0303.jpg,1.0000,1.0000,0.0000,0.0000
sources/olympus/pic.0465.jpg,1.0000,1.0000,0.0000,0.0000
sources/olympus/pic.0471.jpg,1.0000,1.0000,0.0000,0.0000
sources/olympus/pic.0317.jpg,1.0000,1.0000,0.0000,0.0000
sources/olympus/pic.1009.jpg,1.0000,1.0000,0.0000,0.0000
sources/olympus/pic.1021.jpg,1.0000,1.0000,0.0000,0.0000
sources/olympus/pic.0459.jpg,1.0000,1.0000,0.0000,0.0000
sources/olympus/pic.1035.jpg,1.0000,1.0000,0.0000,0.0000
sources/olympus/pic.0313.jpg,1.0000,1.0000,0.0000,0.0000
sources/olympus/pic.0475.jpg,1.0000,1.0000,0.0000,0.0000
sources/olympus/pic.0461.jpg,1.0000,1.0000,0.0000,0.0000
sources/olympus/pic.1019.jpg,1.0000,1.0000,0.0000,0.0000
sources/olympus/pic.0307.jpg,1.0000,1.0000,0.0000,0.0000
sources/olympus/pic.1031.jpg,1.0000,1.0000,0.0000,0.0000
sources/olympus/pic.0449.jpg,1.0000,1.0000,0.0000,0.0000
sources/olympus/pic.1025.jpg,1.0000,1.0000,0.0000,0.0000
sources/olympus/pic.0878.jpg,1.0000,1.0000,0.0000,0.0000
sources/olympus/pic.0688.jpg,1.0000,1.0000,0.0000,0.0000
sources/olympus/pic.0850.jpg,1.0000,1.0000,0.0000,0.0000
sources/olympus/pic.0844.jpg,1.0000,1.0000,0.0000,0.0000
sources/olympus/pic.0677.jpg,1.0000,1.0000,0.0000,0.0000
sources/olympus/pic.0111.jpg,1.0000,1.0000,0.0000,0.0000
sources/olympus/pic.0105.jpg,1.0000,1.0000,0.0000,0.0000
sources/olympus/pic.0663.jpg,1.0000,1.0000,0.0000,0.0000
sources/olympus/pic.0893.jpg,1.0000,1.0000,0.0000,0.0000
sources/olympus/pic.0139.jpg,1.0000,1.0000,0.0000,0.0000
sources/olympus/pic.0887.jpg,1.0000,1.0000,0.0000,0.0000
sources/olympus/pic.0918.jpg,1.0000,1.0000,0.0000,0.0000
sources/olympus/pic.0924.jpg,1.0000,1.0000,0.0000,0.0000
sources/olympus/pic.0930.jpg,1.0000,1.0000,0.0000,0.0000
sources/olympus/pic.0703.jpg,1.0000,1.0000,0.0000,0.0000
sources/olympus/pic.0065.jpg,1.0000,1.0000,0.0000,0.0000
sources/olympus/pic.0071.jpg,1.0000,1.0000,0.0000,0.0000
sources/olympus/pic.0717.jpg,1.0000,1.0000,0.0000,0.0000
sources/olympus/pic.0059.jpg,1.0000,1.0000,0.0000,0.0000
sources/olympus/pic.0298.jpg,0.0009,0.0022,0.0000,0.0001
sources/olympus/pic.0267.jpg,1.0000,1.0000,0.0000,0.0000
sources/olympus/pic.0501.jpg,1.0000,1.0000,0.0000,0.0000
sources/olympus/pic.0515.jpg,1.0000,1.0000,0.0000,0.0000
sources/olympus/pic.0273.jpg,1.0000,1.0000,0.0000,0.0000
sources/olympus/pic.0529.jpg,1.0000,1.0000,0.0000,0.0000
sources/olympus/pic.0528.jpg,1.0000,1.0000,0.0000,0.0000
sources/olympus/pic.0514.jpg,1.0000,1.0000,0.0000,0.0000
sources/olympus/pic.0272.jpg,1.0000,1.0000,0.0000,0.0000
sources/olympus/pic.0266.jpg,1.0000,1.0000,0.0000,0.0000
sources/olympus/pic.0500.jpg,1.0000,1.0000,0.0000,0.0000
sources/olympus/pic.0299.jpg,1.0000,1.0000,0.0000,0.0000
sources/olympus/pic.0058.jpg,1.0000,1.0000,0.0000,0.0000
sources/olympus/pic.0070.jpg,1.0000,1.0000,0.0000,0.0000
sources/olympus/pic.0716.jpg,1.0000,1.0000,0.0000,0.0000
sources/olympus/pic.0702.jpg,1.0000,1.0000,0.0000,0.0000
sources/olympus/pic.0064.jpg,1.0000,1.0000,0.0000,0.0000
sources/olympus/pic.0931.jpg,1.0000,1.0000,0.0000,0.0000
sources/olympus/pic.0925.jpg,1.0000,1.0000,0.0000,0.0000
sources/olympus/pic.0919.jpg,1.0000,1.0000,0.0000,0.0000
sources/olympus/pic.0138.jpg,1.0000,1.0000,0.0000,0.0000
sources/olympus/pic.0886.jpg,1.0000,1.0000,0.0000,0.0000
sources/olympus/pic.0892.jpg,1.0000,1.0000,0.0000,0.0000
sources/olympus/pic.0104.jpg,1.0000,1.0000,0.0000,0.0000
sources/olympus/pic.0662.jpg,1.0000,1.0000,0.0000,0.0000
sources/olympus/pic.0676.jpg,1.0000,1.0000,0.0000,0.0000
sources/olympus/pic.0110.jpg,1.0000,1.0000,0.0000,0.0000
sources/olympus/pic.0845.jpg,1.0000,1.0000,0.0000,0.0000
sources/olympus/pic.0851.jpg,1.0000,1.0000,0.0000,0.0000
sources/olympus/pic.0689.jpg,1.0000,1.0000,0.0000,0.0000
sources/olympus/pic.0879.jpg,1.0000,1.0000,0.0000,0.0000
sources/olympus/pic.1024.jpg,1.0000,1.0000,0.0000,0.0000
sources/olympus/pic.1030.jpg,1.0000,1.0000,0.0000,0.0000
sources/olympus/pic.0448.jpg,1.0000,1.0000,0.0000,0.0000
sources/olympus/pic.0460.jpg,1.0000,1.0000,0.0000,0.0000
sources/olympus/pic.0306.jpg,1.0000,1.0000,0.0000,0.0000
sources/olympus/pic.1018.jpg,1.0000,1.0000,0.0000,0.0000
sources/olympus/pic.0312.jpg,1.0000,1.0000,0.0000,0.0000
sources/olympus/pic.0474.jpg,1.0000,1.0000,0.0000,0.0000
sources/olympus/pic.0489.jpg,1.0000,1.0000,0.0000,0.0000
sources/olympus/pic.0304.jpg,1.0000,1.0000,0.0000,0.0000
sources/olympus/pic.0462.jpg,1.0000,1.0000,0.0000,0.0000
sources/olympus/pic.0476.jpg,0.0000,0.0000,0.0000,0.0000
sources/olympus/pic.0310.jpg,1.0000,1.0000,0.0000,0.0000
sources/olympus/pic.1026.jpg,1.0000,1.0000,0.0000,0.0000
sources/olympus/pic.0338.jpg,1.0000,1.0000,0.0000,0.0000
sources/olympus/pic.1032.jpg,1.0000,1.0000,0.0000,0.0000
sources/olympus/pic.0847.jpg,1.0000,1.0000,0.0000,0.0000
sources/olympus/pic.0853.jpg,1.0000,1.0000,0.0000,0.0000
sources/olympus/pic.0660.jpg,1.0000,1.0000,0.0000,0.0000
sources/olympus/pic.0106.jpg,1.0000,1.0000,0.0000,0.0000
sources/olympus/pic.0112.jpg,1.0000,1.0000,0.0000,0.0000
sources/olympus/pic.0674.jpg,1.0000,1.0000,0.0000,0.0000
sources/olympus/pic.0884.jpg,1.0000,1.0000,0.0000,0.0000
sources/olympus/pic.0890.jpg,1.0000,1.0000,0.0000,0.0000
sources/olympus/pic.0648.jpg,1.0000,1.0000,0.0000,0.0000
sources/olympus/pic.0933.jpg,1.0000,1.0000,0.0000,0.0000
sources/olympus/pic.0099.jpg,1.0000,1.0000,0.0000,0.0000
sources/olympus/pic.0927.jpg,1.0000,1.0000,0.0000,0.0000
sources/olympus/pic.0714.jpg,1.0000,1.0000,0.0000,0.0000
sources/olympus/pic.0072.jpg,1.0000,1.0000,0.0000,0.0000
sources/olympus/pic.0066.jpg,1.0000,1.0000,0.0000,0.0000
sources/olympus/pic.0700.jpg,1.0000,1.0000,0.0000,0.0000
sources/olympus/pic.0728.jpg,1.0000,1.0000,0.0000,0.0000
sources/olympus/pic.0270.jpg,1.0000,1.0000,0.0000,0.0000
sources/olympus/pic.0516.jpg,1.0000,1.0000,0.0000,0.0000
sources/olympus/pic.0502.jpg,1.0000,1.0000,0.0000,0.0000
sources/olympus/pic.0264.jpg,1.0000,1.0000,0.0000,0.0000
sources/olympus/pic.0258.jpg,1.0000,1.0000,0.0000,0.0000
sources/olympus/pic.0259.jpg,1.0000,1.0000,0.0000,0.0000
sources/olympus/pic.0503.jpg,1.0000,1.0000,0.0000,0.0000
sources/olympus/pic.0265.jpg,1.0000,1.0000,0.0000,0.0000
sources/olympus/pic.0271.jpg,1.0000,1.0000,0.0000,0.0000
sources/olympus/pic.0517.jpg,1.0000,1.0000,0.0000,0.0000
sources/olympus/pic.0729.jpg,1.0000,1.0000,0.0000,0.0000
sources/olympus/pic.0067.jpg,1.0000,1.0000,0.0000,0.0000
sources/olympus/pic.0701.jpg,1.0000,1.0000,0.0000,0.0000
sources/olympus/pic.0715.jpg,1.0000,1.0000,0.0000,0.0000
sources/olympus/pic.0073.jpg,1.0000,1.0000,0.0000,0.0000
sources/olympus/pic.0098.jpg,1.0000,1.0000,0.0000,0.0000
sources/olympus/pic.0926.jpg,1.0000,1.0000,0.0000,0.0000
sources/olympus/pic.0932.jpg,1.0000,1.0000,0.0000,0.0000
sources/olympus/pic.0649.jpg,0.0054,0.0031,0.0000,0.0006
sources/olympus/pic.0891.jpg,1.0000,1.0000,0.0000,0.0000
sources/olympus/pic.0885.jpg,1.0000,1.0000,0.0000,0.0000
sources/olympus/pic.0113.jpg,1.0000,1.0000,0.0000,0.0000
sources/olympus/pic.0675.jpg,1.0000,1.0000,0.0000,0.0000
sources/olympus/pic.0661.jpg,1.0000,1.0000,0.0000,0.0000
sources/olympus/pic.0107.jpg,1.0000,1.0000,0.0000,0.0000
sources/olympus/pic.0852.jpg,1.0000,1.0000,0.0000,0.0000
sources/olympus/pic.0846.jpg,1.0000,1.0000,0.0000,0.0000
sources/olympus/pic.1033.jpg,1.0000,1.0000,0.0000,0.0000
sources/olympus/pic.0339.jpg,1.0000,1.0000,0.0000,0.0000
sources/olympus/pic.1027.jpg,1.0000,1.0000,0.0000,0.0000
sources/olympus/pic.0477.jpg,1.0000,1.0000,0.0000,0.0000
sources/olympus/pic.0311.jpg,1.0000,1.0000,0.0000,0.0000
sources/olympus/pic.0305.jpg,1.0000,1.0000,0.0000,0.0000
sources/olympus/pic.0463.jpg,1.0000,1.0000,0.0000,0.0000
sources/olympus/pic.0488.jpg,1.0000,1.0000,0.0000,0.0000
sources/olympus/pic.1083.jpg,1.0000,1.0000,0.0000,0.0000
sources/olympus/pic.0389.jpg,1.0000,1.0000,0.0000,0.0000
sources/olympus/pic.1097.jpg,1.0000,1.0000,0.0000,0.0000
sources/olympus/pic.1040.jpg,1.0000,1.0000,0.0000,0.0000
sources/olympus/pic.0438.jpg,1.0000,1.0000,0.0000,0.0000
sources/olympus/pic.1054.jpg,1.0000,1.0000,0.0000,0.0000
sources/olympus/pic.0362.jpg,1.0000,1.0000,0.0000,0.0000
sources/olympus/pic.0404.jpg,0.1278,0.1170,0.0010,0.0166
sources/olympus/pic.0410.jpg,1.0000,1.0000,0.0000,0.0000
sources/olympus/pic.1068.jpg,1.0000,1.0000,0.0000,0.0000
sources/olympus/pic.0376.jpg,1.0000,1.0000,0.0000,0.0000
sources/olympus/pic.0821.jpg,1.0000,1.0000,0.0000,0.0000
sources/olympus/pic.0835.jpg,1.0000,1.0000,0.0000,0.0000
sources/olympus/pic.0809.jpg,1.0000,1.0000,0.0000,0.0000
sources/olympus/pic.0148.jpg,1.0000,1.0000,0.0000,0.0000
sources/olympus/pic.0606.jpg,1.0000,1.0000,0.0000,0.0000
sources/olympus/pic.0160.jpg,1.0000,1.0000,0.0000,0.0000
sources/olympus/pic.0174.jpg,1.0000,1.0000,0.0000,0.0000
sources/olympus/pic.0612.jpg,1.0000,1.0000,0.0000,0.0000
sources/olympus/pic.0955.jpg,1.0000,1.0000,0.0000,0.0000
sources/olympus/pic.0941.jpg,1.0000,1.0000,0.0000,0.0000
sources/olympus/pic.0799.jpg,1.0000,1.0000,0.0000,0.0000
sources/olympus/pic.0969.jpg,1.0000,1.0000,0.0000,0.0000
sources/olympus/pic.0996.jpg,1.0000,1.0000,0.0000,0.0000
sources/olympus/pic.0028.jpg,1.0000,1.0000,0.0000,0.0000
sources/olympus/pic.0982.jpg,1.0000,1.0000,0.0000,0.0000
sources/olympus/pic.0772.jpg,1.0000,1.0000,0.0000,0.0000
sources/olympus/pic.0014.jpg,1.0000,1.0000,0.0000,0.0000
sources/olympus/pic.0766.jpg,1.0000,1.0000,0.0000,0.0000
sources/olympus/pic.0558.jpg,1.0000,1.0000,0.0000,0.0000
sources/olympus/pic.0216.jpg,1.0000,1.0000,0.0000,0.0000
sources/olympus/pic.0570.jpg,1.0000,1.0000,0.0000,0.0000
sources/olympus/pic.0564.jpg,1.0000,1.0000,0.0000,0.0000
sources/olympus/pic.0202.jpg,1.0000,1.0000,0.0000,0.0000
sources/olympus/pic.0565.jpg,1.0000,1.0000,0.0000,0.0000
sources/olympus/pic.0203.jpg,0.0347,0.0326,0.0004,0.0060
sources/olympus/pic.0217.jpg,1.0000,1.0000,0.0000,0.0000
sources/olympus/pic.0571.jpg,1.0000,1.0000,0.0000,0.0000
sources/olympus/pic.0559.jpg,1.0000,1.0000,0.0000,0.0000
sources/olympus/pic.0001.jpg,1.0000,1.0000,0.0000,0.0000
sources/olympus/pic.0767.jpg,1.0000,1.0000,0.0000,0.0000
sources/olympus/pic.0773.jpg,1.0000,1.0000,0.0000,0.0000
sources/olympus/pic.0015.jpg,1.0000,1.0000,0.0000,0.0000
sources/olympus/pic.0983.jpg,1.0000,1.0000,0.0000,0.0000
sources/olympus/pic.0997.jpg,1.0000,1.0000,0.0000,0.0000
sources/olympus/pic.0029.jpg,1.0000,1.0000,0.0000,0.0000
sources/olympus/pic.0968.jpg,1.0000,1.0000,0.0000,0.0000
sources/olympus/pic.0798.jpg,1.0000,1.0000,0.0000,0.0000
sources/olympus/pic.0940.jpg,1.0000,1.0000,0.0000,0.0000
sources/olympus/pic.0954.jpg,1.0000,1.0000,0.0000,0.0000
sources/olympus/pic.0175.jpg,1.0000,1.0000,0.0000,0.0000
sources/olympus/pic.0613.jpg,1.0000,1.0000,0.0000,0.0000
sources/olympus/pic.0607.jpg,1.0000,1.0000,0.0000,0.0000
sources/olympus/pic.0161.jpg,1.0000,1.0000,0.0000,0.0000
sources/olympus/pic.0149.jpg,1.0000,1.0000,0.0000,0.0000
sources/olympus/pic.0808.jpg,0.0000,0.0000,0.0000,0.0000
sources/olympus/pic.0834.jpg,1.0000,1.0000,0.0000,0.0000
sources/olympus/pic.0820.jpg,1.0000,1.0000,0.0000,0.0000
sources/olympus/pic.0411.jpg,1.0000,1.0000,0.0000,0.0000
sources/olympus/pic.0377.jpg,1.0000,1.0000,0.0000,0.0000
sources/olympus/pic.1069.jpg,1.0000,1.0000,0.0000,0.0000
sources/olympus/pic.0363.jpg,1.0000,1.0000,0.0000,0.0000
sources/olympus/pic.0405.jpg,0.0511,0.0847,0.0000,0.0001
sources/olympus/pic.1055.jpg,1.0000,1.0000,0.0000,0.0000
sources/olympus/pic.1041.jpg,1.0000,1.0000,0.0000,0.0000
sources/olympus/pic.0439.jpg,1.0000,1.0000,0.0000,0.0000
sources/olympus/pic.1096.jpg,1.0000,1.0000,0.0000,0.0000
sources/olympus/pic.0388.jpg,1.0000,1.0000,0.0000,0.0000
sources/olympus/pic.1082.jpg,1.0000,1.0000,0.0000,0.0000
sources/olympus/pic.1094.jpg,1.0000,1.0000,0.0000,0.0000
sources/olympus/pic.1080.jpg,1.0000,1.0000,0.0000,0.0000
sources/olympus/pic.1057.jpg,1.0000,1.0000,0.0000,0.0000
sources/olympus/pic.0349.jpg,1.0000,1.0000,0.0000,0.0000
sources/olympus/pic.1043.jpg,1.0000,1.0000,0.0000,0.0000
sources/olympus/pic.0375.jpg,1.0000,1.0000,0.0000,0.0000
sources/olympus/pic.0413.jpg,1.0000,1.0000,0.0000,0.0000
sources/olympus/pic.0407.jpg,0.0000,0.0000,0.0000,0.0000
sources/olympus/pic.0361.jpg,1.0000,1.0000,0.0000,0.0000
sources/olympus/pic.0836.jpg,1.0000,1.0000,0.0000,0.0000
sources/olympus/pic.0188.jpg,1.0000,1.0000,0.0000,0.0000
sources/olympus/pic.0822.jpg,1.0000,1.0000,0.0000,0.0000
sources/olympus/pic.0639.jpg,1.0000,1.0000,0.0000,0.0000
sources/olympus/pic.0611.jpg,1.0000,1.0000,0.0000,0.0000
sources/olympus/pic.0177.jpg,1.0000,1.0000,0.0000,0.0000
sources/olympus/pic.0163.jpg,1.0000,1.0000,0.0000,0.0000
sources/olympus/pic.0605.jpg,1.0000,1.0000,0.0000,0.0000
sources/olympus/pic.0942.jpg,1.0000,1.0000,0.0000,0.0000
sources/olympus/pic.0956.jpg,1.0000,1.0000,0.0000,0.0000
sources/olympus/pic.0759.jpg,1.0000,1.0000,0.0000,0.0000
sources/olympus/pic.0981.jpg,1.0000,1.0000,0.0000,0.0000
sources/olympus/pic.0995.jpg,1.0000,1.0000,0.0000,0.0000
sources/olympus/pic.0765.jpg,1.0000,1.0000,0.0000,0.0000
sources/olympus/pic.0003.jpg,1.0000,1.0000,0.0000,0.0000
sources/olympus/pic.0017.jpg,1.0000,1.0000,0.0000,0.0000
sources/olympus/pic.0771.jpg,1.0000,1.0000,0.0000,0.0000
sources/olympus/pic.0598.jpg,1.0000,1.0000,0.0000,0.0000
sources/olympus/pic.0229.jpg,1.0000,1.0000,0.0000,0.0000
sources/olympus/pic.0201.jpg,1.0000,1.0000,0.0000,0.0000
sources/olympus/pic.0567.jpg,1.0000,1.0000,0.0000,0.0000
sources/olympus/pic.0573.jpg,1.0000,1.0000,0.0000,0.0000
sources/olympus/pic.0215.jpg,1.0000,1.0000,0.0000,0.0000
sources/olympus/pic.0572.jpg,1.0000,1.0000,0.0000,0.0000
sources/olympus/pic.0214.jpg,1.0000,1.0000,0.0000,0.0000
sources/olympus/pic.0200.jpg,1.0000,1.0000,0.0000,0.0000
sources/olympus/pic.0566.jpg,1.0000,1.0000,0.0000,0.0000
sources/olympus/pic.0228.jpg,1.0000,1.0000,0.0000,0.0000
sources/olympus/pic.0599.jpg,1.0000,1.0000,0.0000,0.0000
sources/olympus/pic.0016.jpg,1.0000,1.0000,0.0000,0.0000
sources/olympus/pic.0770.jpg,1.0000,1.0000,0.0000,0.0000
sources/olympus/pic.0764.jpg,1.0000,1.0000,0.0000,0.0000
sources/olympus/pic.0002.jpg,1.0000,1.0000,0.0000,0.0000
sources/olympus/pic.0994.jpg,1.0000,1.0000,0.0000,0.0000
sources/olympus/pic.0980.jpg,1.0000,1.0000,0.0000,0.0000
sources/olympus/pic.0758.jpg,1.0000,1.0000,0.0000,0.0000
sources/olympus/pic.0957.jpg,1.0000,1.0000,0.0000,0.0000
sources/olympus/pic.0943.jpg,1.0000,1.0000,0.0000,0.0000
sources/olympus/pic.0162.jpg,1.0000,1.0000,0.0000,0.0000
sources/olympus/pic.0604.jpg,1.0000,1.0000,0.0000,0.0000
sources/olympus/pic.0610.jpg,1.0000,1.0000,0.0000,0.0000
sources/olympus/pic.0176.jpg,1.0000,1.0000,0.0000,0.0000
sources/olympus/pic.0638.jpg,1.0000,1.0000,0.0000,0.0000
sources/olympus/pic.0823.jpg,1.0000,1.0000,0.0000,0.0000
sources/olympus/pic.0837.jpg,1.0000,1.0000,0.0000,0.0000
sources/olympus/pic.0189.jpg,1.0000,1.0000,0.0000,0.0000
sources/olympus/pic.0406.jpg,0.0000,0.0000,0.0000,0.0000
sources/olympus/pic.0360.jpg,1.0000,1.0000,0.0000,0.0000
sources/olympus/pic.0374.jpg,1.0000,1.0000,0.0000,0.0000
sources/olympus/pic.0412.jpg,1.0000,1.0000,0.0000,0.0000
sources/olympus/pic.1042.jpg,1.0000,1.0000,0.0000,0.0000
sources/olympus/pic.0348.jpg,1.0000,1.0000,0.0000,0.0000
sources/olympus/pic.1056.jpg,1.0000,1.0000,0.0000,0.0000
sources/olympus/pic.1081.jpg,1.0000,1.0000,0.0000,0.0000
sources/olympus/pic.1095.jpg,1.0000,1.0000,0.0000,0.0000
sources/olympus/pic.1091.jpg,1.0000,1.0000,0.0000,0.0000
sources/olympus/pic.1085.jpg,0.0000,0.0000,0.0000,0.0000
sources/olympus/pic.0416.jpg,1.0000,1.0000,0.0000,0.0000
sources/olympus/pic.0370.jpg,1.0000,1.0000,0.0000,0.0000
sources/olympus/pic.0364.jpg,1.0000,1.0000,0.0000,0.0000
sources/olympus/pic.0402.jpg,1.0000,1.0000,0.0000,0.0000
sources/olympus/pic.1052.jpg,1.0000,1.0000,0.0000,0.0000
sources/olympus/pic.1046.jpg,1.0000,1.0000,0.0000,0.0000
sources/olympus/pic.0358.jpg,1.0000,1.0000,0.0000,0.0000
sources/olympus/pic.0833.jpg,1.0000,1.0000,0.0000,0.0000
sources/olympus/pic.0827.jpg,1.0000,1.0000,0.0000,0.0000
sources/olympus/pic.0199.jpg,1.0000,1.0000,0.0000,0.0000
sources/olympus/pic.0172.jpg,1.0000,1.0000,0.0000,0.0000
sources/olympus/pic.0614.jpg,1.0000,1.0000,0.0000,0.0000
sources/olympus/pic.0600.jpg,1.0000,1.0000,0.0000,0.0000
sources/olympus/pic.0166.jpg,1.0000,1.0000,0.0000,0.0000
sources/olympus/pic.0628.jpg,1.0000,1.0000,0.0000,0.0000
sources/olympus/pic.0947.jpg,1.0000,1.0000,0.0000,0.0000
sources/olympus/pic.0953.jpg,1.0000,1.0000,0.0000,0.0000
sources/olympus/pic.0006.jpg,1.0000,1.0000,0.0000,0.0000
sources/olympus/pic.0760.jpg,1.0000,1.0000,0.0000,0.0000
sources/olympus/pic.0774.jpg,1.0000,1.0000,0.0000,0.0000
sources/olympus/pic.0012.jpg,1.0000,1.0000,0.0000,0.0000
sources/olympus/pic.0984.jpg,1.0000,1.0000,0.0000,0.0000
sources/olympus/pic.0748.jpg,1.0000,1.0000,0.0000,0.0000
sources/olympus/pic.0990.jpg,1.0000,1.0000,0.0000,0.0000
sources/olympus/pic.0589.jpg,1.0000,1.0000,0.0000,0.0000
sources/olympus/pic.0562.jpg,1.0000,1.0000,0.0000,0.0000
sources/olympus/pic.0204.jpg,1.0000,1.0000,0.0000,0.0000
sources/olympus/pic.0210.jpg,1.0000,1.0000,0.0000,0.0000
sources/olympus/pic.0576.jpg,1.0000,1.0000,0.0000,0.0000
sources/olympus/pic.0238.jpg,1.0000,1.0000,0.0000,0.0000
sources/olympus/pic.0239.jpg,1.0000,1.0000,0.0000,0.0000
sources/olympus/pic.0211.jpg,1.0000,1.0000,0.0000,0.0000
sources/olympus/pic.0577.jpg,1.0000,1.0000,0.0000,0.0000
sources/olympus/pic.0563.jpg,1.0000,1.0000,0.0000,0.0000
sources/olympus/pic.0205.jpg,1.0000,1.0000,0.0000,0.0000
sources/olympus/pic.0588.jpg,1.0000,1.0000,0.0000,0.0000
sources/olympus/pic.0991.jpg,1.0000,1.0000,0.0000,0.0000
sources/olympus/pic.0749.jpg,1.0000,1.0000,0.0000,0.0000
sources/olympus/pic.0985.jpg,1.0000,1.0000,0.0000,0.0000
sources/olympus/pic.0775.jpg,1.0000,1.0000,0.0000,0.0000
sources/olympus/pic.0013.jpg,1.0000,1.0000,0.0000,0.0000
sources/olympus/pic.0007.jpg,1.0000,1.0000,0.0000,0.0000
sources/olympus/pic.0761.jpg,1.0000,1.0000,0.0000,0.0000
sources/olympus/pic.0952.jpg,1.0000,1.0000,0.0000,0.0000
sources/olympus/pic.0946.jpg,1.0000,1.0000,0.0000,0.0000
sources/olympus/pic.0629.jpg,1.0000,1.0000,0.0000,0.0000
sources/olympus/pic.0601.jpg,1.0000,1.0000,0.0000,0.0000
sources/olympus/pic.0167.jpg,1.0000,1.0000,0.0000,0.0000
sources/olympus/pic.0173.jpg,1.0000,1.0000,0.0000,0.0000
sources/olympus/pic.0615.jpg,1.0000,1.0000,0.0000,0.0000
sources/olympus/pic.0826.jpg,1.0000,1.0000,0.0000,0.0000
sources/olympus/pic.0198.jpg,1.0000,1.0000,0.0000,0.0000
sources/olympus/pic.0832.jpg,1.0000,1.0000,0.0000,0.0000
sources/olympus/pic.0359.jpg,1.0000,1.0000,0.0000,0.0000
sources/olympus/pic.1047.jpg,1.0000,1.0000,0.0000,0.0000
sources/olympus/pic.1053.jpg,1.0000,1.0000,0.0000,0.0000
sources/olympus/pic.0365.jpg,0.0000,0.0000,0.0000,0.0000
sources/olympus/pic.0403.jpg,1.0000,1.0000,0.0000,0.0000
sources/olympus/pic.0417.jpg,1.0000,1.0000,0.0000,0.0000
sources/olympus/pic.0371.jpg,1.0000,1.0000,0.0000,0.0000
sources/olympus/pic.1084.jpg,0.0161,0.0059,0.0000,0.0001
sources/olympus/pic.1090.jpg,0.0811,0.0644,0.0006,0.0093
sources/olympus/pic.0398.jpg,1.0000,1.0000,0.0000,0.0000
sources/olympus/pic.1086.jpg,1.0000,1.0000,0.0000,0.0000
sources/olympus/pic.1092.jpg,1.0000,1.0000,0.0000,0.0000
sources/olympus/pic.0401.jpg,1.0000,1.0000,0.0000,0.0000
sources/olympus/pic.1079.jpg,1.0000,1.0000,0.0000,0.0000
sources/olympus/pic.0367.jpg,1.0000,1.0000,0.0000,0.0000
sources/olympus/pic.0373.jpg,1.0000,1.0000,0.0000,0.0000
sources/olympus/pic.0415.jpg,1.0000,1.0000,0.0000,0.0000
sources/olympus/pic.1045.jpg,1.0000,1.0000,0.0000,0.0000
sources/olympus/pic.1051.jpg,1.0000,1.0000,0.0000,0.0000
sources/olympus/pic.0429.jpg,1.0000,1.0000,0.0000,0.0000
sources/olympus/pic.0818.jpg,1.0000,1.0000,0.0000,0.0000
sources/olympus/pic.0824.jpg,1.0000,1.0000,0.0000,0.0000
sources/olympus/pic.0830.jpg,1.0000,1.0000,0.0000,0.0000
sources/olympus/pic.0165.jpg,1.0000,1.0000,0.0000,0.0000
sources/olympus/pic.0603.jpg,1.0000,1.0000,0.0000,0.0000
sources/olympus/pic.0617.jpg,1.0000,1.0000,0.0000,0.0000
sources/olympus/pic.0171.jpg,1.0000,1.0000,0.0000,0.0000
sources/olympus/pic.0159.jpg,1.0000,1.0000,0.0000,0.0000
sources/olympus/pic.0978.jpg,1.0000,1.0000,0.0000,0.0000
sources/olympus/pic.0950.jpg,1.0000,1.0000,0.0000,0.0000
sources/olympus/pic.0788.jpg,1.0000,1.0000,0.0000,0.0000
sources/olympus/pic.0944.jpg,1.0000,1.0000,0.0000,0.0000
sources/olympus/pic.0011.jpg,1.0000,1.0000,0.0000,0.0000
sources/olympus/pic.0777.jpg,1.0000,1.0000,0.0000,0.0000
sources/olympus/pic.0763.jpg,1.0000,1.0000,0.0000,0.0000
sources/olympus/pic.0005.jpg,1.0000,1.0000,0.0000,0.0000
sources/olympus/pic.0993.jpg,1.0000,1.0000,0.0000,0.0000
sources/olympus/pic.0987.jpg,0.0059,0.0070,0.0000,0.0001
sources/olympus/pic.0039.jpg,1.0000,1.0000,0.0000,0.0000
sources/olympus/pic.0575.jpg,1.0000,1.0000,0.0000,0.0000
sources/olympus/pic.0213.jpg,1.0000,1.0000,0.0000,0.0000
sources/olympus/pic.0207.jpg,1.0000,1.0000,0.0000,0.0000
sources/olympus/pic.0561.jpg,1.0000,1.0000,0.0000,0.0000
sources/olympus/pic.0549.jpg,1.0000,1.0000,0.0000,0.0000
sources/olympus/pic.0548.jpg,1.0000,1.0000,0.0000,0.0000
sources/olympus/pic.0206.jpg,1.0000,1.0000,0.0000,0.0000
sources/olympus/pic.0560.jpg,1.0000,1.0000,0.0000,0.0000
sources/olympus/pic.0574.jpg,1.0000,1.0000,0.0000,0.0000
sources/olympus/pic.0212.jpg,1.0000,1.0000,0.0000,0.0000
sources/olympus/pic.0986.jpg,1.0000,1.0000,0.0000,0.0000
sources/olympus/pic.0038.jpg,1.0000,1.0000,0.0000,0.0000
sources/olympus/pic.0992.jpg,1.0000,1.0000,0.0000,0.0000
sources/olympus/pic.0762.jpg,1.0000,1.0000,0.0000,0.0000
sources/olympus/pic.0004.jpg,1.0000,1.0000,0.0000,0.0000
sources/olympus/pic.0010.jpg,1.0000,1.0000,0.0000,0.0000
sources/olympus/pic.0776.jpg,1.0000,1.0000,0.0000,0.0000
sources/olympus/pic.0945.jpg,1.0000,1.0000,0.0000,0.0000
sources/olympus/pic.0789.jpg,1.0000,1.0000,0.0000,0.0000
sources/olympus/pic.0951.jpg,1.0000,1.0000,0.0000,0.0000
sources/olympus/pic.0979.jpg,1.0000,1.0000,0.0000,0.0000
sources/olympus/pic.0158.jpg,1.0000,1.0000,0.0000,0.0000
sources/olympus/pic.0616.jpg,1.0000,1.0000,0.0000,0.0000
sources/olympus/pic.0170.jpg,1.0000,1.0000,0.0000,0.0000
sources/olympus/pic.0164.jpg,1.0000,1.0000,0.0000,0.0000
sources/olympus/pic.0602.jpg,1.0000,1.0000,0.0000,0.0000
sources/olympus/pic.0831.jpg,1.0000,1.0000,0.0000,0.0000
sources/olympus/pic.0825.jpg,1.0000,1.0000,0.0000,0.0000
sources/olympus/pic.0819.jpg,1.0000,1.0000,0.0000,0.0000
sources/olympus/pic.1050.jpg,0.0000,0.0000,0.0000,0.0000
sources/olympus/pic.0428.jpg,1.0000,1.0000,0.0000,0.0000
sources/olympus/pic.1044.jpg,1.0000,1.0000,0.0000,0.0000
sources/olympus/pic.0372.jpg,1.0000,1.0000,0.0000,0.0000
sources/olympus/pic.0414.jpg,1.0000,1.0000,0.0000,0.0000
sources/olympus/pic.0400.jpg,1.0000,1.0000,0.0000,0.0000
sources/olympus/pic.0366.jpg,1.0000,1.0000,0.0000,0.0000
sources/olympus/pic.1078.jpg,1.0000,1.0000,0.0000,0.0000
sources/olympus/pic.1093.jpg,1.0000,1.0000,0.0000,0.0000
sources/olympus/pic.1087.jpg,1.0000,1.0000,0.0000,0.0000
sources/olympus/pic.0399.jpg,1.0000,1.0000,0.0000,0.0000
